article,changes
docs/control/reinitn.md,Separate code blocks from paragraphs
docs/invoke/cs-options-alphabetically.md,Separate code blocks from paragraphs
docs/invoke/cs-options-by-category.md,Separate code blocks from paragraphs
docs/math/array.md,Separate code blocks from paragraphs
docs/misc/windows.md,Decode code titles
docs/opcodes/0dbfs.md,Separate code blocks from paragraphs
docs/opcodes/A4.md,Separate code blocks from paragraphs
docs/opcodes/ATSadd.md,Separate code blocks from paragraphs
docs/opcodes/ATSaddnz.md,Separate code blocks from paragraphs
docs/opcodes/ATSbufread.md,Separate code blocks from paragraphs
docs/opcodes/ATScross.md,Separate code blocks from paragraphs
docs/opcodes/ATSinfo.md,Separate code blocks from paragraphs
docs/opcodes/ATSinterpread.md,Separate code blocks from paragraphs
docs/opcodes/ATSpartialtap.md,Separate code blocks from paragraphs
docs/opcodes/ATSread.md,Separate code blocks from paragraphs
docs/opcodes/ATSreadnz.md,Separate code blocks from paragraphs
docs/opcodes/ATSsinnoi.md,Separate code blocks from paragraphs
docs/opcodes/OSCbundle.md,Separate code blocks from paragraphs
docs/opcodes/OSClisten.md,Separate code blocks from paragraphs
docs/opcodes/OSCsend.md,Separate code blocks from paragraphs
docs/opcodes/abs.md,Separate code blocks from paragraphs
docs/opcodes/active.md,Separate code blocks from paragraphs
docs/opcodes/adds.md,Decode code titles; Separate code blocks from paragraphs
docs/opcodes/adsr.md,Separate code blocks from paragraphs; Use consistent See also heading
docs/opcodes/adsyn.md,Separate code blocks from paragraphs; Use CSD highlighting for full documents
docs/opcodes/adsynt.md,Separate code blocks from paragraphs; Use CSD highlighting for full documents
docs/opcodes/adsynt2.md,Separate code blocks from paragraphs; Use CSD highlighting for full documents
docs/opcodes/aftouch.md,Separate code blocks from paragraphs
docs/opcodes/allpole.md,Separate code blocks from paragraphs
docs/opcodes/alpass.md,Separate code blocks from paragraphs
docs/opcodes/alwayson.md,Separate code blocks from paragraphs
docs/opcodes/ampdb.md,Separate code blocks from paragraphs
docs/opcodes/ampdbfs.md,Separate code blocks from paragraphs
docs/opcodes/ampmidi.md,Separate code blocks from paragraphs
docs/opcodes/ampmidicurve.md,Separate code blocks from paragraphs
docs/opcodes/ampmidid.md,Separate code blocks from paragraphs
docs/opcodes/apoleparams.md,Separate code blocks from paragraphs
docs/opcodes/arduinoRead.md,Separate code blocks from paragraphs; Use consistent See also heading
docs/opcodes/arduinoReadF.md,Separate code blocks from paragraphs; Use consistent See also heading
docs/opcodes/arduinoStart.md,Use consistent See also heading
docs/opcodes/arduinoStop.md,Use consistent See also heading
docs/opcodes/areson.md,Separate code blocks from paragraphs
docs/opcodes/aresonk.md,Separate code blocks from paragraphs
docs/opcodes/assign.md,Separate code blocks from paragraphs
docs/opcodes/atone.md,Separate code blocks from paragraphs
docs/opcodes/atonek.md,Separate code blocks from paragraphs
docs/opcodes/atonex.md,Separate code blocks from paragraphs
docs/opcodes/autocorr.md,Separate code blocks from paragraphs; Use consistent See also heading
docs/opcodes/balance.md,Separate code blocks from paragraphs
docs/opcodes/balance2.md,Separate code blocks from paragraphs
docs/opcodes/bamboo.md,Separate code blocks from paragraphs; Use CSD highlighting for full documents; Use consistent See also heading
docs/opcodes/barmodel.md,Separate code blocks from paragraphs; Use CSD highlighting for full documents; Use consistent See also heading
docs/opcodes/bbcutm.md,Separate code blocks from paragraphs; Use CSD highlighting for full documents
docs/opcodes/bbcuts.md,Separate code blocks from paragraphs; Use CSD highlighting for full documents
docs/opcodes/betarand.md,Separate code blocks from paragraphs; Use CSD highlighting for full documents
docs/opcodes/bexprnd.md,Corrected markup or synopsis; Separate code blocks from paragraphs; Use CSD highlighting for full documents
docs/opcodes/bformdec.md,Separate code blocks from paragraphs
docs/opcodes/bformdec1.md,Separate code blocks from paragraphs
docs/opcodes/bformenc.md,Separate code blocks from paragraphs
docs/opcodes/bformenc1.md,Separate code blocks from paragraphs
docs/opcodes/binit.md,Separate code blocks from paragraphs
docs/opcodes/biquad.md,Separate code blocks from paragraphs
docs/opcodes/biquada.md,Separate code blocks from paragraphs
docs/opcodes/birnd.md,Separate code blocks from paragraphs; Use CSD highlighting for full documents
docs/opcodes/bob.md,Separate code blocks from paragraphs
docs/opcodes/bpf.md,Use CSD highlighting for full documents
docs/opcodes/bpfcos.md,Use CSD highlighting for full documents
docs/opcodes/bqrez.md,Decode code titles; Separate code blocks from paragraphs
docs/opcodes/butterbp.md,Separate code blocks from paragraphs
docs/opcodes/butterbr.md,Separate code blocks from paragraphs
docs/opcodes/butterhp.md,Separate code blocks from paragraphs
docs/opcodes/butterlp.md,Separate code blocks from paragraphs
docs/opcodes/buzz.md,Separate code blocks from paragraphs; Use CSD highlighting for full documents; Use consistent See also heading
docs/opcodes/c2r.md,Separate code blocks from paragraphs; Use consistent See also heading
docs/opcodes/cabasa.md,Separate code blocks from paragraphs; Use CSD highlighting for full documents; Use consistent See also heading
docs/opcodes/cauchy.md,Separate code blocks from paragraphs; Use CSD highlighting for full documents
docs/opcodes/cauchyi.md,Separate code blocks from paragraphs; Use CSD highlighting for full documents
docs/opcodes/cbrt.md,Separate code blocks from paragraphs
docs/opcodes/ceil.md,Separate code blocks from paragraphs
docs/opcodes/cell.md,Separate code blocks from paragraphs; Use CSD highlighting for full documents; Use consistent See also heading
docs/opcodes/cent.md,Separate code blocks from paragraphs
docs/opcodes/centroid.md,Separate code blocks from paragraphs
docs/opcodes/ceps.md,Separate code blocks from paragraphs; Use consistent See also heading; Correct literal titles or example descriptions
docs/opcodes/cepsinv.md,Separate code blocks from paragraphs; Use consistent See also heading; Source-checked array or optional-argument correction; Correct literal titles or example descriptions
docs/opcodes/cggoto.md,Separate code blocks from paragraphs
docs/opcodes/chanctrl.md,Separate code blocks from paragraphs
docs/opcodes/changed.md,Separate code blocks from paragraphs
docs/opcodes/changed2.md,Separate code blocks from paragraphs
docs/opcodes/chebyshevpoly.md,Separate code blocks from paragraphs
docs/opcodes/checkbox.md,Separate code blocks from paragraphs
docs/opcodes/chnclear.md,Separate code blocks from paragraphs
docs/opcodes/chnget.md,Separate code blocks from paragraphs
docs/opcodes/chnmix.md,Separate code blocks from paragraphs
docs/opcodes/chnset.md,Separate code blocks from paragraphs
docs/opcodes/cigoto.md,Separate code blocks from paragraphs
docs/opcodes/ckgoto.md,Separate code blocks from paragraphs
docs/opcodes/clear.md,Separate code blocks from paragraphs
docs/opcodes/clfilt.md,Separate code blocks from paragraphs
docs/opcodes/clip.md,Separate code blocks from paragraphs
docs/opcodes/clockoff.md,Separate code blocks from paragraphs
docs/opcodes/clockon.md,Separate code blocks from paragraphs
docs/opcodes/cmplxprod.md,Use consistent See also heading
docs/opcodes/cngoto.md,Separate code blocks from paragraphs
docs/opcodes/cntcreate.md,Separate code blocks from paragraphs
docs/opcodes/comb.md,Separate code blocks from paragraphs
docs/opcodes/combinv.md,Separate code blocks from paragraphs
docs/opcodes/compilecsd.md,Separate code blocks from paragraphs
docs/opcodes/compileorc.md,Separate code blocks from paragraphs
docs/opcodes/compilestr.md,Separate code blocks from paragraphs
docs/opcodes/compress.md,Separate code blocks from paragraphs
docs/opcodes/compress2.md,Separate code blocks from paragraphs
docs/opcodes/connect.md,Separate code blocks from paragraphs
docs/opcodes/convolve.md,Separate code blocks from paragraphs
docs/opcodes/copya2ftab.md,Separate code blocks from paragraphs
docs/opcodes/copyf2array.md,Separate code blocks from paragraphs
docs/opcodes/cosseg.md,Use CSD highlighting for full documents
docs/opcodes/cossegb.md,Use CSD highlighting for full documents
docs/opcodes/cossegr.md,Use CSD highlighting for full documents
docs/opcodes/count.md,Separate code blocks from paragraphs
docs/opcodes/count_i.md,Separate code blocks from paragraphs
docs/opcodes/cps2pch.md,Corrected markup or synopsis
docs/opcodes/crossfm.md,Use CSD highlighting for full documents; Use consistent See also heading
docs/opcodes/crunch.md,Use CSD highlighting for full documents; Use consistent See also heading
docs/opcodes/cuserrnd.md,Use CSD highlighting for full documents
docs/opcodes/dbap.md,Separate code blocks from paragraphs
docs/opcodes/dbapgains.md,Separate code blocks from paragraphs
docs/opcodes/dct.md,Use consistent See also heading
docs/opcodes/dctinv.md,Use consistent See also heading
docs/opcodes/deconv.md,Use consistent See also heading
docs/opcodes/diode_ladder.md,Separate code blocks from paragraphs
docs/opcodes/directory.md,Separate code blocks from paragraphs
docs/opcodes/diskgrain.md,Use CSD highlighting for full documents; Use consistent See also heading
docs/opcodes/diskin.md,Separate code blocks from paragraphs
docs/opcodes/divides.md,Decode code titles
docs/opcodes/dripwater.md,Use CSD highlighting for full documents; Use consistent See also heading
docs/opcodes/duserrnd.md,Use CSD highlighting for full documents
docs/opcodes/dust.md,Use CSD highlighting for full documents
docs/opcodes/dust2.md,Use CSD highlighting for full documents
docs/opcodes/endop.md,Use consistent See also heading
docs/opcodes/envlpx.md,Use consistent See also heading
docs/opcodes/envlpxr.md,Use consistent See also heading
docs/opcodes/ephasor.md,Use CSD highlighting for full documents
docs/opcodes/evalstr.md,Use consistent See also heading
docs/opcodes/event.md,Corrected markup or synopsis
docs/opcodes/event_i.md,Separate code blocks from paragraphs; Corrected markup or synopsis
docs/opcodes/exciter.md,Corrected markup or synopsis
docs/opcodes/expcurve.md,Use CSD highlighting for full documents
docs/opcodes/expon.md,Use CSD highlighting for full documents
docs/opcodes/exprand.md,Use CSD highlighting for full documents
docs/opcodes/exprandi.md,Use CSD highlighting for full documents
docs/opcodes/expseg.md,Use CSD highlighting for full documents
docs/opcodes/expsega.md,Use CSD highlighting for full documents
docs/opcodes/expsegb.md,Use CSD highlighting for full documents
docs/opcodes/expsegba.md,Use CSD highlighting for full documents
docs/opcodes/expsegr.md,Use CSD highlighting for full documents
docs/opcodes/fareylen.md,Use CSD highlighting for full documents; Use consistent See also heading
docs/opcodes/fareyleni.md,Use CSD highlighting for full documents; Use consistent See also heading
docs/opcodes/fft.md,Use consistent See also heading; Corrected markup or synopsis
docs/opcodes/filebit.md,Separate code blocks from paragraphs
docs/opcodes/filescal.md,Use consistent See also heading
docs/opcodes/fillarray.md,Correct literal titles or example descriptions
docs/opcodes/fin.md,Separate code blocks from paragraphs
docs/opcodes/floor.md,Separate code blocks from paragraphs
docs/opcodes/fmax.md,Use consistent See also heading
docs/opcodes/fmb3.md,Use CSD highlighting for full documents; Use consistent See also heading
docs/opcodes/fmbell.md,Use CSD highlighting for full documents; Use consistent See also heading
docs/opcodes/fmin.md,Use consistent See also heading
docs/opcodes/fmmetal.md,Use CSD highlighting for full documents; Use consistent See also heading
docs/opcodes/fmod.md,Use consistent See also heading
docs/opcodes/fmpercfl.md,Use CSD highlighting for full documents; Use consistent See also heading
docs/opcodes/fmrhode.md,Use CSD highlighting for full documents; Use consistent See also heading
docs/opcodes/fmvoice.md,Corrected markup or synopsis; Use CSD highlighting for full documents; Use consistent See also heading
docs/opcodes/fmwurlie.md,Use CSD highlighting for full documents; Use consistent See also heading
docs/opcodes/fof.md,Use CSD highlighting for full documents; Use consistent See also heading
docs/opcodes/fof2.md,Use CSD highlighting for full documents; Use consistent See also heading
docs/opcodes/fog.md,Use CSD highlighting for full documents; Use consistent See also heading
docs/opcodes/foscil.md,Use CSD highlighting for full documents; Use consistent See also heading
docs/opcodes/foscili.md,Use CSD highlighting for full documents; Use consistent See also heading
docs/opcodes/fprintks.md,Corrected markup or synopsis
docs/opcodes/fractalnoise.md,Use CSD highlighting for full documents
docs/opcodes/framebuffer.md,Use consistent See also heading
docs/opcodes/gain.md,Use consistent See also heading
docs/opcodes/gainslider.md,Use CSD highlighting for full documents
docs/opcodes/gauss.md,Use CSD highlighting for full documents
docs/opcodes/gausstrig.md,Use CSD highlighting for full documents
docs/opcodes/gbuzz.md,Use CSD highlighting for full documents; Use consistent See also heading
docs/opcodes/genarray.md,Source-checked array or optional-argument correction
docs/opcodes/genarray_i.md,Separate code blocks from paragraphs; Use consistent See also heading; Source-checked array or optional-argument correction
docs/opcodes/gendy.md,Use CSD highlighting for full documents; Use consistent See also heading
docs/opcodes/gendyc.md,Use CSD highlighting for full documents; Use consistent See also heading
docs/opcodes/gendyx.md,Use CSD highlighting for full documents; Use consistent See also heading
docs/opcodes/getcol.md,Use consistent See also heading
docs/opcodes/getrow.md,Use consistent See also heading
docs/opcodes/getseed.md,Use CSD highlighting for full documents
docs/opcodes/gogobel.md,Use CSD highlighting for full documents; Use consistent See also heading
docs/opcodes/goto.md,Separate code blocks from paragraphs
docs/opcodes/grain.md,Use CSD highlighting for full documents; Use consistent See also heading
docs/opcodes/grain2.md,Separate code blocks from paragraphs; Use CSD highlighting for full documents; Use consistent See also heading
docs/opcodes/grain3.md,Use CSD highlighting for full documents; Use consistent See also heading
docs/opcodes/granule.md,Use CSD highlighting for full documents; Use consistent See also heading
docs/opcodes/greaterequal.md,Decode code titles
docs/opcodes/greaterthan.md,Decode code titles
docs/opcodes/gtadsr.md,Use consistent See also heading
docs/opcodes/guiro.md,Use CSD highlighting for full documents; Use consistent See also heading
docs/opcodes/hilbert.md,Decode code titles
docs/opcodes/hrtfer.md,Separate code blocks from paragraphs
docs/opcodes/hsboscil.md,Use CSD highlighting for full documents; Corrected markup or synopsis
docs/opcodes/hvs1.md,Use CSD highlighting for full documents
docs/opcodes/hvs2.md,Use CSD highlighting for full documents
docs/opcodes/hypot.md,Use consistent See also heading
docs/opcodes/ifft.md,Use consistent See also heading
docs/opcodes/igoto.md,Separate code blocks from paragraphs
docs/opcodes/ihold.md,Separate code blocks from paragraphs
docs/opcodes/init.md,Separate code blocks from paragraphs
docs/opcodes/inletf.md,Source-checked array or optional-argument correction
docs/opcodes/inletkid.md,Source-checked array or optional-argument correction
docs/opcodes/inletv.md,Source-checked array or optional-argument correction
docs/opcodes/int.md,Separate code blocks from paragraphs
docs/opcodes/jitter.md,Use CSD highlighting for full documents
docs/opcodes/jitter2.md,Use CSD highlighting for full documents
docs/opcodes/jspline.md,Use CSD highlighting for full documents
docs/opcodes/k35_hpf.md,Separate code blocks from paragraphs
docs/opcodes/k35_lpf.md,Separate code blocks from paragraphs
docs/opcodes/lessequal.md,Decode code titles
docs/opcodes/lessthan.md,Decode code titles
docs/opcodes/lfo.md,Use CSD highlighting for full documents
docs/opcodes/lfsr.md,Use CSD highlighting for full documents
docs/opcodes/limit.md,Corrected markup or synopsis
docs/opcodes/lincos.md,Use CSD highlighting for full documents
docs/opcodes/line.md,Use CSD highlighting for full documents
docs/opcodes/linen.md,Use consistent See also heading
docs/opcodes/linenr.md,Use consistent See also heading
docs/opcodes/linlin.md,Use CSD highlighting for full documents
docs/opcodes/linrand.md,Use CSD highlighting for full documents
docs/opcodes/linseg.md,Use CSD highlighting for full documents
docs/opcodes/linsegb.md,Use CSD highlighting for full documents
docs/opcodes/linsegr.md,Use CSD highlighting for full documents
docs/opcodes/logcurve.md,Use CSD highlighting for full documents
docs/opcodes/loop_ge.md,Separate code blocks from paragraphs
docs/opcodes/loop_gt.md,Separate code blocks from paragraphs
docs/opcodes/loop_le.md,Separate code blocks from paragraphs
docs/opcodes/loop_lt.md,Separate code blocks from paragraphs
docs/opcodes/loopseg.md,Use CSD highlighting for full documents
docs/opcodes/loopsegp.md,Use CSD highlighting for full documents
docs/opcodes/looptseg.md,Use CSD highlighting for full documents; Corrected markup or synopsis
docs/opcodes/loopxseg.md,Use CSD highlighting for full documents
docs/opcodes/lorenz.md,Use CSD highlighting for full documents; Use consistent See also heading
docs/opcodes/loscil.md,Repair quoted examples and opcode spelling
docs/opcodes/loscil3.md,Repair quoted examples and opcode spelling
docs/opcodes/lpshold.md,Use CSD highlighting for full documents
docs/opcodes/lpsholdp.md,Use CSD highlighting for full documents
docs/opcodes/madsr.md,Use consistent See also heading
docs/opcodes/mags.md,Use consistent See also heading
docs/opcodes/mandel.md,Use CSD highlighting for full documents; Use consistent See also heading
docs/opcodes/mandol.md,Use CSD highlighting for full documents; Use consistent See also heading
docs/opcodes/maparray.md,Separate code blocks from paragraphs; Use consistent See also heading; Source-checked array or optional-argument correction
docs/opcodes/marimba.md,Use CSD highlighting for full documents; Use consistent See also heading
docs/opcodes/max_k.md,Separate code blocks from paragraphs
docs/opcodes/mclock.md,Use consistent See also heading
docs/opcodes/mfb.md,Use consistent See also heading
docs/opcodes/midifilein.md,Corrected markup or synopsis
docs/opcodes/midifilelen.md,Correct literal titles or example descriptions
docs/opcodes/midifileloop.md,Corrected markup or synopsis
docs/opcodes/midifilemute.md,Correct literal titles or example descriptions
docs/opcodes/midifileopen.md,Corrected markup or synopsis
docs/opcodes/midifilepause.md,Correct literal titles or example descriptions
docs/opcodes/midifileplay.md,Correct literal titles or example descriptions
docs/opcodes/midifilepos.md,Corrected markup or synopsis
docs/opcodes/midifilerewind.md,Correct literal titles or example descriptions
docs/opcodes/midifilestatus.md,Corrected markup or synopsis
docs/opcodes/midifiletempo.md,Corrected markup or synopsis; Correct literal titles or example descriptions
docs/opcodes/midifilevents.md,Correct literal titles or example descriptions
docs/opcodes/midion2.md,Corrected markup or synopsis
docs/opcodes/mincer.md,Use consistent See also heading
docs/opcodes/mixerclear.md,Separate code blocks from paragraphs
docs/opcodes/mixergetlevel.md,Separate code blocks from paragraphs
docs/opcodes/mixerreceive.md,Separate code blocks from paragraphs
docs/opcodes/mixersend.md,Corrected markup or synopsis; Separate code blocks from paragraphs
docs/opcodes/mixersetlevel.md,Separate code blocks from paragraphs
docs/opcodes/modulus.md,Decode code titles
docs/opcodes/moog.md,Use CSD highlighting for full documents; Use consistent See also heading
docs/opcodes/mp3scal.md,Corrected markup or synopsis; Use consistent See also heading; Source-checked array or optional-argument correction; Correct literal titles or example descriptions
docs/opcodes/mpulse.md,Use CSD highlighting for full documents; Use consistent See also heading
docs/opcodes/mrtmsg.md,Use consistent See also heading
docs/opcodes/multiplies.md,Decode code titles
docs/opcodes/mxadsr.md,Use consistent See also heading
docs/opcodes/nchnls_hw.md,Separate code blocks from paragraphs
docs/opcodes/nlfilt.md,Separate code blocks from paragraphs
docs/opcodes/nlfilt2.md,Separate code blocks from paragraphs
docs/opcodes/noise.md,Use CSD highlighting for full documents
docs/opcodes/noteondur2.md,Corrected markup or synopsis
docs/opcodes/olabuffer.md,Use consistent See also heading
docs/opcodes/opbitand.md,Separate code blocks from paragraphs
docs/opcodes/opbitnot.md,Separate code blocks from paragraphs
docs/opcodes/opbitor.md,Separate code blocks from paragraphs
docs/opcodes/opbitshl.md,Separate code blocks from paragraphs
docs/opcodes/opcode.md,Separate code blocks from paragraphs; Use consistent See also heading
docs/opcodes/opnonequiv.md,Separate code blocks from paragraphs
docs/opcodes/opor.md,Decode code titles; Correct literal titles or example descriptions
docs/opcodes/oscbnk.md,Corrected markup or synopsis; Separate code blocks from paragraphs; Use CSD highlighting for full documents
docs/opcodes/oscil.md,Use CSD highlighting for full documents
docs/opcodes/oscil1.md,Use CSD highlighting for full documents; Use consistent See also heading
docs/opcodes/oscil1i.md,Use CSD highlighting for full documents; Use consistent See also heading
docs/opcodes/oscil3.md,Use CSD highlighting for full documents
docs/opcodes/oscili.md,Use CSD highlighting for full documents
docs/opcodes/oscilikt.md,Corrected markup or synopsis; Use CSD highlighting for full documents
docs/opcodes/osciliktp.md,Corrected markup or synopsis; Use CSD highlighting for full documents
docs/opcodes/oscilikts.md,Corrected markup or synopsis; Use CSD highlighting for full documents
docs/opcodes/osciln.md,Use CSD highlighting for full documents; Use consistent See also heading
docs/opcodes/oscils.md,Use CSD highlighting for full documents
docs/opcodes/outiat.md,Corrected markup or synopsis
docs/opcodes/outic.md,Corrected markup or synopsis
docs/opcodes/outic14.md,Corrected markup or synopsis
docs/opcodes/outipc.md,Corrected markup or synopsis
docs/opcodes/outletf.md,Source-checked array or optional-argument correction
docs/opcodes/outletkid.md,Source-checked array or optional-argument correction
docs/opcodes/outletv.md,Source-checked array or optional-argument correction
docs/opcodes/oversample.md,Use consistent See also heading
docs/opcodes/pan2.md,Corrected markup or synopsis
docs/opcodes/partikkel.md,Use CSD highlighting for full documents; Use consistent See also heading
docs/opcodes/partikkelget.md,Use consistent See also heading
docs/opcodes/partikkelset.md,Use consistent See also heading
docs/opcodes/partikkelsync.md,Use CSD highlighting for full documents; Use consistent See also heading
docs/opcodes/pcauchy.md,Use CSD highlighting for full documents
docs/opcodes/phasor.md,Use CSD highlighting for full documents
docs/opcodes/phasorbnk.md,Use CSD highlighting for full documents
docs/opcodes/phs.md,Use consistent See also heading
docs/opcodes/pinker.md,Use CSD highlighting for full documents
docs/opcodes/pinkish.md,Use CSD highlighting for full documents
docs/opcodes/planet.md,Use CSD highlighting for full documents; Use consistent See also heading
docs/opcodes/poisson.md,Use CSD highlighting for full documents
docs/opcodes/pol2rect.md,Use consistent See also heading
docs/opcodes/poscil.md,Separate code blocks from paragraphs; Use CSD highlighting for full documents
docs/opcodes/poscil3.md,Use CSD highlighting for full documents
docs/opcodes/pow.md,Corrected markup or synopsis
docs/opcodes/prepiano.md,Use CSD highlighting for full documents; Use consistent See also heading
docs/opcodes/printf.md,Separate code blocks from paragraphs
docs/opcodes/println.md,Corrected markup or synopsis
docs/opcodes/printsk.md,Corrected markup or synopsis
docs/opcodes/ptable.md,Separate code blocks from paragraphs; Use consistent See also heading
docs/opcodes/ptable3.md,Use consistent See also heading
docs/opcodes/ptablei.md,Separate code blocks from paragraphs; Use consistent See also heading
docs/opcodes/ptablew.md,Use consistent See also heading
docs/opcodes/puts.md,Use consistent See also heading
docs/opcodes/pvadd.md,Use consistent See also heading
docs/opcodes/pvbufread.md,Use consistent See also heading
docs/opcodes/pvcross.md,Use consistent See also heading
docs/opcodes/pvinterp.md,Use consistent See also heading
docs/opcodes/pvoc.md,Use consistent See also heading
docs/opcodes/pvread.md,Use consistent See also heading
docs/opcodes/pvsblur.md,Correct literal titles or example descriptions
docs/opcodes/pvsbuffer.md,Correct literal titles or example descriptions
docs/opcodes/pvscale.md,Correct literal titles or example descriptions
docs/opcodes/pvscent.md,Correct literal titles or example descriptions
docs/opcodes/pvsceps.md,Correct literal titles or example descriptions
docs/opcodes/pvscross.md,Correct literal titles or example descriptions
docs/opcodes/pvsfilter.md,Correct literal titles or example descriptions
docs/opcodes/pvsfreeze.md,Correct literal titles or example descriptions
docs/opcodes/pvsgain.md,Correct literal titles or example descriptions
docs/opcodes/pvshift.md,Correct literal titles or example descriptions
docs/opcodes/pvsmaska.md,Correct literal titles or example descriptions
docs/opcodes/pvstanal.md,Corrected markup or synopsis
docs/opcodes/pvstrace.md,Correct literal titles or example descriptions
docs/opcodes/pvsynth.md,Correct literal titles or example descriptions
docs/opcodes/r2c.md,Use consistent See also heading
docs/opcodes/raises.md,Decode code titles; Correct literal titles or example descriptions
docs/opcodes/rand.md,Use CSD highlighting for full documents
docs/opcodes/randc.md,Use CSD highlighting for full documents
docs/opcodes/randh.md,Use CSD highlighting for full documents
docs/opcodes/randi.md,Use CSD highlighting for full documents
docs/opcodes/random.md,Use CSD highlighting for full documents
docs/opcodes/randomh.md,Use CSD highlighting for full documents
docs/opcodes/randomi.md,Use CSD highlighting for full documents
docs/opcodes/readscratch.md,Use consistent See also heading
docs/opcodes/rect2pol.md,Use consistent See also heading
docs/opcodes/reinit.md,Separate code blocks from paragraphs
docs/opcodes/return.md,Use consistent See also heading
docs/opcodes/rfft.md,Use consistent See also heading
docs/opcodes/rifft.md,Use consistent See also heading
docs/opcodes/rnd.md,Use CSD highlighting for full documents
docs/opcodes/rnd31.md,Use CSD highlighting for full documents
docs/opcodes/rndseed.md,Use CSD highlighting for full documents
docs/opcodes/round.md,Separate code blocks from paragraphs
docs/opcodes/rspline.md,Use CSD highlighting for full documents
docs/opcodes/s16b14.md,Use consistent See also heading
docs/opcodes/s32b14.md,Use consistent See also heading
docs/opcodes/sandpaper.md,Use CSD highlighting for full documents; Use consistent See also heading
docs/opcodes/sc_lag.md,Separate code blocks from paragraphs
docs/opcodes/sc_lagud.md,Separate code blocks from paragraphs
docs/opcodes/sc_phasor.md,Separate code blocks from paragraphs
docs/opcodes/sc_trig.md,Separate code blocks from paragraphs; Use consistent See also heading
docs/opcodes/scale.md,Use CSD highlighting for full documents
docs/opcodes/scale2.md,Use CSD highlighting for full documents
docs/opcodes/scalearray.md,Use consistent See also heading
docs/opcodes/schedkwhen.md,Corrected markup or synopsis
docs/opcodes/scoreline_i.md,Separate code blocks from paragraphs
docs/opcodes/seed.md,Use CSD highlighting for full documents
docs/opcodes/sekere.md,Use CSD highlighting for full documents; Use consistent See also heading
docs/opcodes/serialBegin.md,Separate code blocks from paragraphs; Use consistent See also heading
docs/opcodes/serialEnd.md,Use consistent See also heading
docs/opcodes/serialFlush.md,Use consistent See also heading
docs/opcodes/serialPrint.md,Use consistent See also heading
docs/opcodes/serialRead.md,Separate code blocks from paragraphs; Use consistent See also heading
docs/opcodes/serialWrite.md,Separate code blocks from paragraphs; Use consistent See also heading
docs/opcodes/serialWrite_i.md,Use consistent See also heading
docs/opcodes/setcol.md,Use consistent See also heading
docs/opcodes/setksmps.md,Use consistent See also heading
docs/opcodes/setrow.md,Use consistent See also heading
docs/opcodes/shaker.md,Use CSD highlighting for full documents; Use consistent See also heading
docs/opcodes/shiftin.md,Use consistent See also heading
docs/opcodes/shiftout.md,Use consistent See also heading
docs/opcodes/sleighbells.md,Use CSD highlighting for full documents; Use consistent See also heading
docs/opcodes/slicearray.md,Use consistent See also heading; Source-checked array or optional-argument correction
docs/opcodes/slider16.md,Use consistent See also heading
docs/opcodes/slider16f.md,Use consistent See also heading
docs/opcodes/slider16table.md,Use consistent See also heading
docs/opcodes/slider16tablef.md,Use consistent See also heading
docs/opcodes/slider32.md,Use consistent See also heading
docs/opcodes/slider32f.md,Use consistent See also heading
docs/opcodes/slider32table.md,Use consistent See also heading
docs/opcodes/slider32tablef.md,Use consistent See also heading
docs/opcodes/slider64.md,Use consistent See also heading
docs/opcodes/slider64f.md,Use consistent See also heading
docs/opcodes/slider64table.md,Use consistent See also heading
docs/opcodes/slider64tablef.md,Use consistent See also heading
docs/opcodes/slider8.md,Use consistent See also heading
docs/opcodes/slider8f.md,Use consistent See also heading
docs/opcodes/slider8table.md,Use consistent See also heading
docs/opcodes/slider8tablef.md,Use consistent See also heading
docs/opcodes/sliderkawai.md,Use consistent See also heading
docs/opcodes/sndwarp.md,Corrected markup or synopsis; Use CSD highlighting for full documents; Use consistent See also heading
docs/opcodes/sndwarpst.md,Use CSD highlighting for full documents; Use consistent See also heading
docs/opcodes/sorta.md,Use consistent See also heading
docs/opcodes/sortd.md,Use consistent See also heading
docs/opcodes/space.md,Separate code blocks from paragraphs
docs/opcodes/spat3d.md,Separate code blocks from paragraphs
docs/opcodes/spat3di.md,Separate code blocks from paragraphs
docs/opcodes/spat3dt.md,Separate code blocks from paragraphs
docs/opcodes/specaddm.md,Use consistent See also heading
docs/opcodes/specdiff.md,Use consistent See also heading
docs/opcodes/specdisp.md,Use consistent See also heading
docs/opcodes/specfilt.md,Use consistent See also heading
docs/opcodes/spechist.md,Use consistent See also heading
docs/opcodes/specscal.md,Use consistent See also heading
docs/opcodes/specsum.md,Use consistent See also heading
docs/opcodes/sprintf.md,Use consistent See also heading
docs/opcodes/sprintfk.md,Use consistent See also heading
docs/opcodes/squinewave.md,Use CSD highlighting for full documents; Use consistent See also heading
docs/opcodes/sterrain.md,Use consistent See also heading
docs/opcodes/stix.md,Use CSD highlighting for full documents; Use consistent See also heading
docs/opcodes/strcat.md,Use consistent See also heading
docs/opcodes/strcatk.md,Use consistent See also heading
docs/opcodes/strchar.md,Use consistent See also heading
docs/opcodes/strchark.md,Use consistent See also heading
docs/opcodes/strcmp.md,Use consistent See also heading
docs/opcodes/strcmpk.md,Use consistent See also heading
docs/opcodes/strcpy.md,Separate code blocks from paragraphs; Use consistent See also heading
docs/opcodes/strcpyk.md,Use consistent See also heading
docs/opcodes/strfromurl.md,Use consistent See also heading
docs/opcodes/strget.md,Use consistent See also heading
docs/opcodes/strindex.md,Use consistent See also heading
docs/opcodes/strindexk.md,Use consistent See also heading
docs/opcodes/strlen.md,Use consistent See also heading
docs/opcodes/strlenk.md,Use consistent See also heading
docs/opcodes/strlower.md,Use consistent See also heading
docs/opcodes/strlowerk.md,Use consistent See also heading
docs/opcodes/strrindex.md,Use consistent See also heading
docs/opcodes/strrindexk.md,Use consistent See also heading
docs/opcodes/strset.md,Use consistent See also heading
docs/opcodes/strstrip.md,Use consistent See also heading
docs/opcodes/strsub.md,Use consistent See also heading
docs/opcodes/strsubk.md,Use consistent See also heading
docs/opcodes/strtod.md,Use consistent See also heading
docs/opcodes/strtodk.md,Use consistent See also heading
docs/opcodes/strtol.md,Use consistent See also heading
docs/opcodes/strtolk.md,Use consistent See also heading
docs/opcodes/strupper.md,Use consistent See also heading
docs/opcodes/strupperk.md,Use consistent See also heading
docs/opcodes/subinstr.md,Separate code blocks from paragraphs
docs/opcodes/subinstrinit.md,Separate code blocks from paragraphs
docs/opcodes/syncgrain.md,Use CSD highlighting for full documents; Use consistent See also heading
docs/opcodes/syncloop.md,Use CSD highlighting for full documents; Use consistent See also heading
docs/opcodes/syncphasor.md,Use CSD highlighting for full documents; Corrected markup or synopsis
docs/opcodes/system.md,Separate code blocks from paragraphs
docs/opcodes/tab.md,Use CSD highlighting for full documents; Use consistent See also heading
docs/opcodes/tab_i.md,Use consistent See also heading
docs/opcodes/tabgen.md,Source-checked array or optional-argument correction
docs/opcodes/table.md,Use CSD highlighting for full documents; Use consistent See also heading
docs/opcodes/table3.md,Use consistent See also heading
docs/opcodes/tablei.md,Use CSD highlighting for full documents; Use consistent See also heading
docs/opcodes/tableiw.md,Use consistent See also heading
docs/opcodes/tableseg.md,Use consistent See also heading
docs/opcodes/tableshuffle.md,Corrected markup or synopsis
docs/opcodes/tablexseg.md,Use consistent See also heading
docs/opcodes/tabmap.md,Source-checked array or optional-argument correction
docs/opcodes/tabmapi.md,Source-checked array or optional-argument correction
docs/opcodes/tabslice.md,Source-checked array or optional-argument correction
docs/opcodes/tabsum.md,Use consistent See also heading
docs/opcodes/tabw.md,Use CSD highlighting for full documents; Use consistent See also heading
docs/opcodes/tabw_i.md,Use consistent See also heading
docs/opcodes/tambourine.md,Use CSD highlighting for full documents; Use consistent See also heading
docs/opcodes/temposcal.md,Use consistent See also heading
docs/opcodes/trandom.md,Use CSD highlighting for full documents
docs/opcodes/transeg.md,Use CSD highlighting for full documents
docs/opcodes/transegb.md,Use CSD highlighting for full documents
docs/opcodes/transegr.md,Use CSD highlighting for full documents
docs/opcodes/trigexpseg.md,Use CSD highlighting for full documents
docs/opcodes/triglinseg.md,Use CSD highlighting for full documents
docs/opcodes/trigphasor.md,Use CSD highlighting for full documents
docs/opcodes/trim.md,Separate code blocks from paragraphs
docs/opcodes/trirand.md,Use CSD highlighting for full documents
docs/opcodes/turnoff2.md,Separate code blocks from paragraphs
docs/opcodes/undef.md,Separate code blocks from paragraphs
docs/opcodes/undersample.md,Use consistent See also heading
docs/opcodes/unirand.md,Use CSD highlighting for full documents
docs/opcodes/unwrap.md,Use consistent See also heading
docs/opcodes/urandom.md,Use CSD highlighting for full documents
docs/opcodes/urd.md,Use CSD highlighting for full documents
docs/opcodes/vadd_i.md,Separate code blocks from paragraphs
docs/opcodes/vcella.md,Use CSD highlighting for full documents
docs/opcodes/vco.md,Use CSD highlighting for full documents; Use consistent See also heading
docs/opcodes/vco2.md,Use CSD highlighting for full documents; Use consistent See also heading
docs/opcodes/vco2ft.md,Use consistent See also heading
docs/opcodes/vco2ift.md,Use consistent See also heading
docs/opcodes/vco2init.md,Use CSD highlighting for full documents; Use consistent See also heading
docs/opcodes/vdelayx.md,Correct literal titles or example descriptions
docs/opcodes/vdelayxs.md,Correct literal titles or example descriptions
docs/opcodes/vdelayxw.md,Correct literal titles or example descriptions
docs/opcodes/vdelayxwq.md,Correct literal titles or example descriptions
docs/opcodes/vdelayxws.md,Correct literal titles or example descriptions
docs/opcodes/vexp_i.md,Separate code blocks from paragraphs
docs/opcodes/vibes.md,Use CSD highlighting for full documents; Use consistent See also heading
docs/opcodes/vibr.md,Use CSD highlighting for full documents
docs/opcodes/vibrato.md,Use CSD highlighting for full documents
docs/opcodes/vmult_i.md,Separate code blocks from paragraphs
docs/opcodes/voice.md,Use CSD highlighting for full documents; Use consistent See also heading
docs/opcodes/vosim.md,Use CSD highlighting for full documents; Use consistent See also heading
docs/opcodes/vpow_i.md,Separate code blocks from paragraphs
docs/opcodes/vps.md,Correct literal titles or example descriptions
docs/opcodes/vpvoc.md,Use consistent See also heading
docs/opcodes/weibull.md,Use CSD highlighting for full documents
docs/opcodes/window.md,Use consistent See also heading
docs/opcodes/wterrain.md,Use consistent See also heading
docs/opcodes/wterrain2.md,Use consistent See also heading
docs/opcodes/xadsr.md,Use consistent See also heading
docs/opcodes/xin.md,Use consistent See also heading
docs/opcodes/xout.md,Use consistent See also heading
docs/opcodes/xscanmap.md,Separate code blocks from paragraphs; Use consistent See also heading
docs/opcodes/xscans.md,Separate code blocks from paragraphs; Use consistent See also heading
docs/opcodes/xscansmap.md,Use consistent See also heading
docs/opcodes/xscanu.md,Separate code blocks from paragraphs; Use consistent See also heading
docs/opcodes/xyscale.md,Use CSD highlighting for full documents
docs/opcodes/zdf_1pole.md,Separate code blocks from paragraphs
docs/opcodes/zdf_1pole_mode.md,Separate code blocks from paragraphs
docs/opcodes/zdf_2pole.md,Separate code blocks from paragraphs
docs/opcodes/zdf_2pole_mode.md,Separate code blocks from paragraphs
docs/opcodes/zdf_ladder.md,Separate code blocks from paragraphs
docs/orch/data-types.md,Separate code blocks from paragraphs
docs/overview/udp-server.md,Separate code blocks from paragraphs
docs/score/parameter-fields.md,Separate code blocks from paragraphs
docs/scoregens/C.md,Separate code blocks from paragraphs; Use consistent See also heading
docs/scoregens/a.md,Separate code blocks from paragraphs; Use consistent See also heading
docs/scoregens/b.md,Separate code blocks from paragraphs; Use consistent See also heading
docs/scoregens/capB.md,Separate code blocks from paragraphs; Use consistent See also heading
docs/scoregens/d.md,Use consistent See also heading
docs/scoregens/e.md,Use consistent See also heading
docs/scoregens/gen02.md,Use consistent See also heading
docs/scoregens/gen03.md,Use consistent See also heading
docs/scoregens/gen05.md,Use consistent See also heading
docs/scoregens/gen06.md,Use consistent See also heading
docs/scoregens/gen07.md,Use consistent See also heading
docs/scoregens/gen08.md,Use consistent See also heading
docs/scoregens/gen09.md,Use consistent See also heading
docs/scoregens/gen10.md,Use consistent See also heading
docs/scoregens/gen11.md,Use consistent See also heading
docs/scoregens/gen13.md,Use consistent See also heading
docs/scoregens/gen14.md,Use consistent See also heading
docs/scoregens/gen15.md,Use consistent See also heading
docs/scoregens/gen17.md,Use consistent See also heading
docs/scoregens/gen19.md,Use consistent See also heading
docs/scoregens/gen23.md,Corrected markup or synopsis
docs/scoregens/gen25.md,Use consistent See also heading
docs/scoregens/gen27.md,Use consistent See also heading
docs/scoregens/gen28.md,Corrected markup or synopsis
docs/scoregens/gen33.md,Use consistent See also heading
docs/scoregens/gen34.md,Use consistent See also heading
docs/scoregens/genexp.md,Use consistent See also heading
docs/scoregens/genfarey.md,Use CSD highlighting for full documents; Use consistent See also heading
docs/scoregens/genpadsynth.md,Use consistent See also heading
docs/scoregens/gensone.md,Use consistent See also heading
docs/scoregens/gentanh.md,Use consistent See also heading
docs/scoregens/genwave.md,Use consistent See also heading
docs/scoregens/i.md,Use consistent See also heading
docs/scoregens/leftbrace.md,Use consistent See also heading
docs/scoregens/m.md,Use consistent See also heading
docs/scoregens/n.md,Use consistent See also heading
docs/scoregens/q.md,Use consistent See also heading
docs/scoregens/r.md,Use consistent See also heading
docs/scoregens/rightbrace.md,Use consistent See also heading
docs/scoregens/s.md,Use consistent See also heading
docs/scoregens/t.md,Use consistent See also heading
docs/scoregens/v.md,Use consistent See also heading
docs/scoregens/x.md,Use consistent See also heading
docs/scoregens/y.md,Use consistent See also heading
docs/strings/top.md,Separate code blocks from paragraphs
docs/utility/atsa.md,Separate code blocks from paragraphs
docs/utility/dnoise.md,Corrected markup or synopsis
